TIME,RESPONSETIME
7.992260,3.511980
11.134862,7.198264
14.118168,9.482814
15.210164,5.135806
16.220644,5.838891
18.002763,2.076702
21.763995,4.195474
24.873320,4.240891
25.424273,14.225707
28.089533,4.359009
28.816838,9.908432
30.809096,6.479410
33.435830,4.573282
33.579556,3.139354
34.049418,17.534233
35.513013,7.777072
37.195112,4.481438
37.923054,15.658476
40.219613,4.159236
40.327004,5.792726
42.831894,8.111096
43.345285,4.172657
44.428596,10.634003
49.001548,11.416082
49.190942,2.534224
52.028549,3.682730
53.435337,18.457879
55.670554,6.950236
56.154973,15.764639
56.566594,2.917924
58.275815,3.976956
58.420669,11.180752
59.461728,5.322966
60.351185,6.779152
62.358215,5.098742
62.866359,7.220617
63.728498,4.480235
64.110635,3.130299
67.976254,7.829513
69.796752,4.778748
70.033917,4.248424
70.052737,1.546902
72.073181,10.808106
72.515998,5.512505
72.573721,3.533560
75.933284,4.074047
77.528880,9.066403
80.639861,13.203034
82.744859,5.433541
83.254137,9.096126
83.590826,2.447145
84.501034,2.649155
87.610868,3.676597
91.264249,2.147119
94.922634,1.701804
97.299852,6.756180
98.121661,1.086959
99.588259,3.360935
100.201536,4.700589
102.559335,9.592412
108.979721,2.289063
116.271408,15.298309
116.692433,8.961019
117.322618,10.145043
117.823102,5.349139
118.131283,16.506747
119.365445,9.519711
121.486683,7.061438
122.190099,4.824809
122.323439,18.693711
124.746763,8.226311
125.577471,11.582548
126.488750,4.882716
126.758666,15.500819
128.662383,7.124233
129.531666,5.038057
139.852389,26.990240
141.497343,14.708103
142.042788,6.776794
143.654261,3.077860
145.223085,9.179756
145.599893,6.474601
147.497431,4.861304
150.737168,2.326526
151.095408,4.353673
151.586634,7.621305
153.616803,4.794899
156.118169,3.091831
156.838001,7.190029
158.703747,13.799158
159.781231,5.372261
160.783800,4.015171
161.052407,2.877001
163.500320,10.806189
164.184644,6.045270
164.536202,4.329095
172.382398,5.568618
175.321872,1.393028
181.359268,1.708235
182.092377,6.794498
182.843066,3.233078
184.128342,0.722763
188.738993,3.682307
192.032682,4.220645
195.439694,3.802142
196.351866,2.611667
196.540648,4.539972
199.421111,2.377778
201.199740,2.835374
206.437729,5.735222
208.488734,3.383843
208.691366,2.783906
210.908563,4.248624
212.921969,5.215740
214.408602,0.569973
214.659770,9.347838
215.876747,3.402028
217.466308,1.800561
218.452761,3.096022
221.925829,4.425804
222.355649,2.922556
222.906047,2.767113
225.700611,7.079985
227.854631,3.555479
228.237718,3.284666
230.561247,5.573161
230.585816,4.994370
231.921538,5.592953
235.060854,8.644931
235.796259,14.758877
238.730104,4.394490
239.457310,12.451517
245.478724,4.066404
245.974250,3.816445
249.206262,3.504987
250.572064,21.535414
252.138940,3.863233
253.966086,18.171670
254.013409,3.919304
258.299920,7.690999
258.571682,12.181814
261.279424,15.768905
262.993449,11.556990
263.131160,12.020421
264.540925,5.181622
265.029582,6.175995
267.385903,11.760011
269.924839,1.741134
279.888649,4.408456
280.826371,18.120515
282.681997,7.683946
283.608186,7.494948
286.263415,6.947087
286.899287,5.545413
288.260360,11.931118
289.244918,7.008066
291.491700,4.043295
292.843434,27.123836
293.925759,5.444341
293.928113,4.771515
295.876308,20.284773
296.008538,1.808845
298.820863,9.742545
299.367307,3.659501
300.541515,6.953954
301.463019,2.533733
301.691444,11.527402
308.538992,3.573022
309.399728,1.714794
311.638897,4.180562
312.099477,4.397234
313.405677,8.016488
317.243416,2.710291
318.998956,3.752725
321.459659,6.057330
322.789482,3.724143
324.106309,13.077135
326.877237,8.868436
328.984939,18.581100
329.086250,5.933588
331.283834,6.043969
332.836414,6.474686
333.780917,13.389435
334.994721,5.498595
336.008515,8.022825
337.928282,8.097813
339.361567,6.722613
340.565479,7.664158
341.369679,10.159872
344.471356,6.933656
345.107078,6.219959
346.466684,4.520037
348.148457,5.403371
349.440249,5.616498
349.923771,3.151592
350.572630,1.929095
351.586806,7.664288
353.498912,3.250610
354.129464,2.690581
354.765043,4.424150
355.886369,7.929949
357.515182,5.911464
358.027955,2.862167
358.194179,1.565785
358.597778,6.143681
358.716934,5.746172
361.903797,8.000798
362.800274,3.422150
364.733952,5.276433
367.282287,2.513615
367.790247,3.609538
369.415670,2.605655
370.744046,4.203731
371.987244,4.177918
372.256805,3.909610
372.321351,1.981169
372.698432,2.389626
372.756283,2.893616
373.839988,3.534376
374.592617,7.347000
374.629196,5.043411
375.122819,3.437328
375.655583,3.051517
375.918518,2.778151
376.083730,2.536643
377.383112,11.326576
377.492914,4.437789
377.899404,1.787365
378.067552,1.837545
378.317317,3.340476
378.535214,1.907815
378.733170,2.420801
379.421845,2.157698
379.562752,3.286889
379.803633,1.858360
379.908983,4.089886
380.009401,2.105345
380.529930,8.195335
380.943398,3.542131
381.118039,2.434412
382.237684,2.423202
382.413486,3.843059
382.640761,3.165632
383.233965,4.467309
383.283776,3.565395
383.698246,5.407840
384.250375,3.493316
384.522238,2.282274
384.666419,4.168097
385.003083,3.086924
385.793678,2.812330
385.848872,4.731940
386.109802,6.601172
386.329531,6.682351
386.597487,3.924683
386.841773,4.085954
386.874818,7.731288
386.945215,3.727544
387.330051,16.635744
388.508595,2.605115
388.927262,2.697215
388.994656,2.318851
389.328839,10.095508
389.595685,4.039787
390.352337,5.454786
390.374284,6.064608
390.446319,2.351533
390.673070,8.877455
391.568733,6.788390
391.781739,2.006993
391.954851,4.996975
392.438613,1.760599
393.502482,3.325917
393.590510,2.343808
394.989850,3.662162
395.243064,9.009241
395.477564,3.162009
395.692816,4.571061
396.049405,4.329351
396.400164,5.326498
396.480375,3.572461
396.759808,1.394185
396.761233,7.020658
396.838072,4.744535
397.274534,3.501107
398.231523,3.460078
398.335881,6.110011
398.606996,19.295707
398.795845,4.037458
398.948083,6.462305
399.663382,3.519109
399.746701,10.683484
399.821031,19.369969
399.824426,4.179561
399.947533,7.792304
400.049946,3.225288
400.640460,5.976792
400.703026,8.605786
401.058961,2.415805
401.228446,2.137803
402.321432,1.826887
402.869317,5.463053
403.179025,2.113212
404.352412,4.901313
405.152866,4.279053
405.447431,4.052369
405.670265,2.685616
406.047784,4.155705
406.681257,11.236463
407.110232,10.543960
407.198066,3.851664
407.464025,8.841899
407.633972,5.172333
407.688061,9.442567
408.591050,11.144124
408.676820,10.948249
409.131533,3.074900
409.562062,2.742266
410.101776,10.616175
410.102247,10.552011
410.289435,6.208240
410.605397,9.552289
410.986387,4.723792
411.336165,5.996499
411.871031,10.169456
412.770214,3.347425
412.807518,3.045088
412.876705,4.804967
413.042764,7.089465
413.142442,10.423125
413.164269,3.491831
413.185880,9.053481
413.670245,5.344520
415.021982,5.465989
415.411778,5.874136
415.531276,2.283924
416.014203,7.963306
416.098181,4.777000
416.165658,5.111360
416.861751,5.125532
417.213558,2.415791
417.222709,9.503572
417.455899,9.724257
417.707064,1.546050
417.924531,10.728088
417.986395,3.116836
418.570544,3.037858
419.172387,12.674918
419.864039,1.723600
420.216221,5.359492
421.175274,1.790404
421.182165,4.400668
421.826036,7.226054
421.977122,13.437889
422.435287,5.514975
422.512656,4.417254
423.666372,3.693897
424.154474,3.786789
424.342763,2.614237
424.355674,5.296954
424.414771,1.833444
424.785650,4.629367
425.045043,3.112407
425.048176,34.898191
425.346541,4.483092
425.474458,1.844148
425.726770,6.367237
426.135265,12.612211
426.356542,3.195657
426.815875,2.931265
426.998956,1.812654
428.238595,17.153092
428.797180,9.898159
429.020544,8.636834
429.107625,3.048302
429.234944,7.940425
429.476366,3.610496
429.503228,6.072128
429.961434,3.033864
431.085682,6.093804
431.229838,2.601167
431.541582,2.871406
431.569785,13.492054
431.795373,7.907991
432.124429,9.682232
432.193388,6.038633
433.150398,2.165273
433.481849,2.020615
433.728299,4.184709
433.915978,3.316919
434.255334,8.343208
434.434692,4.882491
434.821338,29.466621
434.865275,3.842661
435.770401,7.955280
435.799063,5.187793
435.949572,1.900407
436.071996,5.336322
436.158986,9.606911
436.182069,4.959315
438.021920,4.898675
438.160031,16.187194
438.182103,5.459379
438.255443,7.753448
438.530979,3.575490
439.357828,4.587158
439.729438,4.503792
440.185743,5.068913
440.234139,3.806216
440.503884,9.381470
440.553980,2.854311
440.660350,21.109567
441.517358,2.297815
441.569993,13.001399
442.329241,5.051899
442.339518,4.839711
442.375484,4.064769
442.696972,5.588146
442.888557,11.323159
443.286790,2.909704
444.354097,7.255810
444.527276,3.068624
444.640180,7.165127
445.047472,10.674959
445.586628,13.363705
446.154290,6.277529
446.289780,6.371555
446.502573,6.524661
446.650211,7.281519
446.727113,5.802289
447.439161,11.052223
447.751675,10.204308
448.214715,6.407194
448.885645,6.336084
449.167680,7.318364
449.344860,9.969772
449.710655,6.103808
450.046444,7.934104
450.153885,4.303214
450.312350,10.850036
450.450465,18.930564
451.402832,5.528225
452.033306,7.267266
452.355327,13.229018
452.874019,11.939174
453.681737,9.444868
453.688295,7.037018
454.129087,12.551457
454.138818,22.673628
454.184875,15.731392
454.408627,11.470441
455.290045,6.143333
456.301015,7.458816
456.392411,5.953362
456.696838,8.793229
457.397671,13.495226
457.506030,11.837379
457.791136,13.576626
457.832399,20.306919
458.089891,10.666210
458.109305,12.879252
458.117952,7.700521
458.512318,9.458363
458.619865,4.684001
459.689901,6.471512
459.703944,4.864966
460.838403,7.986750
460.875232,8.208084
461.420534,5.123347
461.640125,6.854652
461.859783,12.738147
462.114344,10.393180
462.297739,11.858112
462.320481,10.314330
462.491316,4.845942
462.519132,9.331281
462.850036,5.177304
463.004160,3.333100
463.571666,11.000368
464.108730,6.726445
464.443880,4.911373
464.642939,16.623679
464.828650,5.583316
464.863638,19.736886
465.762294,10.545257
465.865503,5.985333
466.076141,15.969563
466.476469,9.061936
466.494781,6.722818
467.212938,20.825566
467.654407,3.817274
468.261563,6.284792
468.454907,5.506990
468.481176,12.198096
468.543401,15.619567
469.005508,5.073830
470.337352,20.310553
470.358882,5.802378
471.051951,14.639702
471.152272,12.500346
471.245289,6.233509
471.812865,13.498729
471.933902,8.486875
472.492440,20.006904
472.505401,7.768353
472.636327,12.416848
472.688216,5.876217
472.936311,6.427427
472.992424,14.951812
473.646011,8.320189
474.842983,27.135411
475.206256,13.216583
475.297965,10.100006
475.683722,10.372492
475.820365,11.590798
476.104122,11.522714
476.458635,8.230385
477.029784,9.690042
477.039013,12.119612
477.748185,10.843433
477.790310,10.272797
477.851963,8.843898
478.409269,12.724047
478.578394,9.120569
478.736238,7.713701
478.767993,11.812443
479.061428,12.348259
479.114809,11.096581
479.565224,13.082131
480.707694,7.752710
480.761060,29.230621
480.880922,10.049341
480.921059,14.068885
482.085053,12.036332
482.225960,9.811196
482.364951,13.733859
482.584127,15.633867
482.835333,11.447921
482.912317,7.050357
482.929342,11.400473
483.770991,7.167293
484.090222,6.737622
484.536826,12.813010
484.693010,8.251542
484.846089,15.055439
485.172923,11.827449
485.335280,12.108482
485.526351,10.039364
486.163579,9.146162
486.610962,8.254533
487.264946,8.507355
487.309982,13.441004
487.400964,12.643147
487.443460,12.669665
487.599283,13.207375
488.328271,10.046273
488.330961,9.905809
488.654319,9.778665
488.861842,11.427948
489.203738,9.147692
489.509650,19.142220
490.137685,6.001524
490.346092,19.520939
491.053945,12.279387
491.170258,15.287222
491.278497,9.300120
491.359601,15.760506
491.538585,9.036564
492.047052,8.063242
492.149346,13.150488
492.187052,21.994162
492.758262,5.551534
492.916462,7.972327
493.499830,15.530181
493.669366,16.214241
494.368932,17.802866
494.538616,21.798566
494.676019,17.238705
495.167427,4.301159
495.660276,13.912166
495.869435,13.820570
496.189535,18.496655
496.328988,9.240743
496.668411,8.252033
496.796452,7.021848
497.094402,12.114236
497.673327,11.563077
497.733808,19.842046
498.089290,9.058673
498.480684,13.935369
499.779581,10.736006
499.965193,13.045549
500.144762,9.509002
500.278446,5.788849
500.404750,15.760514
500.643416,8.917089
500.701929,11.380153
501.078478,7.064830
501.483495,22.085580
502.390497,12.669116
502.398002,9.501397
502.722757,11.487393
502.823131,7.957767
503.294696,9.449304
503.845562,14.030941
503.987539,8.794741
504.104557,6.807823
504.804793,9.729179
504.891623,8.023528
504.940858,9.339922
505.112298,13.403547
505.820539,19.136678
506.228531,9.086205
506.690429,5.992948
507.109044,7.688965
507.133372,16.754088
507.597193,10.223968
507.757605,8.239104
507.842621,8.429880
508.491409,5.422701
508.659469,16.239275
509.022231,10.839721
509.054361,7.357930
510.187922,5.021796
510.329262,9.413410
510.424719,18.204041
510.432072,6.526893
511.057453,9.399046
511.356200,13.117514
511.432359,8.830673
511.794483,8.617640
512.124600,21.192510
512.436609,3.723878
512.922596,10.870185
513.058933,9.993168
513.238361,10.210421
513.475982,9.706061
513.600362,7.223430
513.926419,12.096315
514.356749,13.962031
515.036798,18.755014
515.125597,9.933473
515.402078,18.457840
515.503045,19.744517
515.630602,11.773442
515.723335,12.187901
515.800697,8.446587
516.083682,11.075940
517.114306,5.528116
517.763017,17.190128
518.247645,10.173842
518.274951,8.508292
519.176403,4.917692
519.356627,14.792381
519.798156,4.727423
519.987372,12.028864
519.991189,9.433181
520.263015,12.038336
520.445599,7.366372
520.538272,9.453436
521.549900,5.580904
522.048305,13.329510
522.677722,6.003680
522.761612,10.910636
523.270350,9.214206
523.416141,11.238882
523.474076,7.929366
523.548694,3.407640
523.702487,7.310567
524.366005,6.253318
524.409616,8.967698
524.800333,9.297920
525.241182,11.553692
525.598626,20.528405
525.647435,7.359771
525.800927,13.791762
526.554256,6.881576
526.750620,6.181398
527.024272,7.159933
527.026939,5.449783
527.028192,5.641438
527.125101,8.134292
528.241301,15.397686
528.322629,8.181191
528.388492,11.243596
528.701744,5.350699
528.813466,11.395144
529.066051,12.060954
529.180810,8.749734
529.330643,17.895206
529.793619,9.889279
529.986474,6.636154
530.664368,6.700726
530.785146,13.224291
530.824017,8.301590
531.124865,22.598331
531.531099,7.818183
531.644101,7.497756
531.977317,14.448807
532.913853,8.592020
533.325409,9.112932
533.441198,9.236133
533.583346,4.621736
533.617751,10.021841
533.871060,11.019139
534.454003,5.179900
535.016495,10.052818
535.101738,11.210393
535.576642,9.419076
535.623794,11.224101
536.083927,7.747130
536.091990,7.602378
536.454572,11.512066
536.549608,12.115520
536.906075,4.766489
537.192301,7.778498
537.289570,8.819076
537.708895,8.587791
538.647751,6.781675
538.679910,10.614474
538.884097,10.737225
539.505372,9.919976
539.556672,19.428624
539.703798,18.184576
540.385825,10.617305
541.043012,8.450039
541.151934,9.689530
541.468125,25.355491
541.692487,20.111912
542.603064,8.414643
543.078610,9.092681
543.388832,19.146426
543.550656,10.133333
543.677225,7.169168
544.277707,20.187861
544.292704,11.620710
544.738502,9.845049
545.450782,9.917894
545.452174,8.395682
545.602636,11.667869
545.804727,15.583971
546.386408,17.790171
547.210465,16.124730
547.402005,13.771905
547.664327,14.001211
547.736233,12.919869
548.128475,10.438125
548.586405,13.572258
549.259916,18.952920
549.386447,7.835890
549.619892,13.394002
549.784273,20.789336
549.915300,8.696556
550.340623,9.793789
550.367488,13.155992
551.252013,14.254858
551.903439,10.217312
552.065176,7.874165
552.224598,9.770182
552.354016,20.961219
552.356701,12.987065
552.520508,10.242975
553.718521,6.981683
553.854630,9.232234
553.951271,17.258439
554.054776,8.863243
554.474673,16.294667
554.521400,11.562545
554.526252,7.855446
555.158474,10.483863
555.497972,11.239962
555.667380,15.513762
556.452803,13.696011
556.520583,14.638538
557.146675,10.009059
557.401824,14.151216
558.102593,16.105544
558.320438,14.539235
558.779401,19.401561
558.813635,21.400845
558.823849,9.754953
559.035952,17.538449
560.203158,11.887010
560.434130,15.517378
560.768950,8.590940
560.938035,8.467775
561.302240,9.069581
561.819739,17.129892
562.030221,19.212355
562.112674,10.219463
562.386529,18.020385
562.422188,19.109541
562.694034,9.473048
563.047430,12.546326
563.271703,14.506768
564.409175,12.209338
564.422921,11.335844
564.902141,14.540442
565.016181,20.192732
565.430374,13.416202
565.447523,15.702204
565.787836,14.132693
566.426093,11.115147
566.810426,19.068572
566.833267,17.155892
567.214743,23.481449
567.417039,16.064619
567.652765,11.427303
568.976439,17.913358
569.174811,18.425161
569.195421,10.670874
569.569663,14.297966
570.193933,9.786998
570.264572,27.128018
570.453371,10.009670
570.778897,13.733576
571.287512,9.361324
571.296688,11.873252
571.407702,8.196592
572.123661,16.559634
572.656570,11.577574
572.851925,10.758662
573.223502,7.991278
573.468418,15.933457
573.584746,11.469767
573.827993,12.073993
573.941239,13.144848
574.157609,12.617643
574.283994,11.814667
575.000755,12.135181
575.005763,11.816068
575.215535,15.111026
576.113940,16.251140
576.591624,18.891664
576.600849,6.790898
576.674692,13.295762
576.719971,9.754886
577.350067,13.645032
577.376697,10.400819
577.513816,16.175776
577.746371,18.563160
578.443511,10.250454
578.563106,11.992321
579.297987,12.450327
579.631358,9.079725
580.058343,11.767209
580.131498,9.106012
580.137728,10.743006
580.453189,13.074825
580.548110,8.527445
580.968288,14.178068
581.775012,11.254158
581.856193,19.135907
582.530675,13.741539
582.763940,10.247761
583.017056,11.512905
583.460718,17.413561
583.496080,22.532079
583.622815,10.405843
583.704496,11.667276
584.460172,11.031916
584.703010,10.000695
584.765821,18.085412
584.806711,12.119561
585.324827,11.003500
585.677829,10.545467
585.708618,10.810595
585.874615,13.455502
586.381433,8.790367
586.746705,9.334948
586.798130,11.559938
587.269756,10.650190
587.458043,10.279160
588.303368,12.088823
588.344904,11.097901
588.803346,7.730683
589.022761,12.289437
589.097714,18.108392
589.502850,8.347955
590.636348,13.602648
590.762097,11.645389
590.831168,7.922215
591.094616,14.819116
591.683846,11.150965
592.150455,15.586618
592.528409,12.813933
592.682162,16.799851
592.939292,10.122619
593.033910,13.128307
593.265462,15.802868
593.509407,10.760244
593.811403,10.856849
594.716156,10.511181
594.999591,12.694718
595.273103,12.773822
595.448118,11.929838
595.702722,14.635498
596.197229,12.036513
596.328564,13.481179
596.351399,17.527147
596.411183,11.002235
596.786939,13.270256
596.970912,15.118843
598.002656,14.367706
598.352666,11.439261
598.606027,12.908099
598.693262,9.608397
598.796233,12.573070
598.853686,13.473970
599.347587,11.494596
599.742479,12.275032
600.496847,15.596123
600.515794,17.006778
600.752176,26.983397
600.901971,11.178450
601.223701,14.846673
601.619571,13.353142
601.627802,8.924443
602.019048,11.399113
602.762737,16.068616
602.895054,8.423167
603.483217,22.945798
604.117131,11.218312
604.165329,13.641117
604.712307,14.982866
605.040962,26.463922
605.201559,21.759337
605.238755,15.393760
605.313813,13.533193
605.443349,17.183970
606.728073,22.509710
607.370136,10.782430
607.443686,10.505133
607.942884,13.722171
608.033677,11.698875
608.097398,16.105454
608.358343,16.784489
608.590730,14.419951
609.000649,15.062764
609.366314,23.337352
609.623869,15.553958
609.872634,12.216059
610.529846,14.050525
610.931370,11.562919
611.002119,18.377559
611.074947,16.635835
611.255394,14.008915
611.310109,13.621763
611.722829,15.839734
611.816560,10.565700
612.068285,12.862756
612.922211,12.170907
612.994293,10.552943
613.768023,12.834476
613.880520,13.468389
614.095318,15.083115
614.420106,15.111905
615.087379,28.955260
615.112724,15.770091
615.271822,19.723779
615.350894,12.307780
615.464081,13.251697
616.087383,16.898113
616.262192,15.647965
616.297285,20.708893
616.814817,19.546352
617.908495,11.179847
618.105279,11.976655
618.210695,22.715126
618.656163,15.396884
619.198730,14.889012
619.360502,19.846071
619.441209,21.282512
620.002233,22.683664
620.198662,20.387867
620.255738,13.479752
620.502585,18.648565
621.095806,13.003540
621.128510,11.345783
621.576775,14.973225
621.589724,16.790775
621.690803,10.264872
621.768604,15.735159
622.064420,14.200057
622.299170,14.243407
622.712297,14.135118
623.974282,11.310216
624.193048,10.672792
625.054815,15.245279
625.097075,20.990059
625.157256,20.689927
625.457294,11.392608
625.572894,21.326884
625.834021,15.513951
625.846700,18.484885
625.851351,14.766133
626.103489,25.943007
627.561331,19.378088
627.650354,20.785492
628.083789,10.543796
628.111288,23.119076
628.296140,14.682010
628.585732,14.026395
628.984021,16.871465
629.690651,17.280217
629.829753,23.759631
629.892672,14.621886
630.006122,15.335219
630.548524,12.708497
631.016849,14.229957
631.142691,13.429506
631.329253,15.803095
631.617415,16.561130
632.150823,21.622070
632.518860,20.735198
632.667264,12.674067
632.904921,13.828501
633.202013,23.021771
633.261264,16.533940
633.984604,21.455974
634.365793,26.667687
634.403132,17.442823
634.651717,28.571572
634.789888,16.690540
635.980376,19.180476
636.622277,18.138209
636.776691,18.590417
637.103099,18.110840
637.134269,16.965383
637.285048,26.200028
637.516336,14.538755
637.754361,24.657480
638.057938,16.397641
638.480837,19.781665
638.915701,14.466307
638.929735,17.997659
638.988816,21.823418
639.314857,15.842561
640.188018,16.994918
640.545616,15.373716
640.762381,26.633502
640.907547,17.648208
641.055163,17.415041
641.942587,12.434593
642.400786,20.334142
642.906674,20.745474
642.952740,21.372766
643.091125,15.530826
643.611555,18.050299
643.661794,14.643972
643.862735,17.826073
644.007355,11.669666
644.792107,16.422171
644.801408,16.634926
645.376131,16.279971
645.424075,15.473038
645.594082,14.455486
645.646704,16.359832
645.834574,13.426373
646.143036,22.434415
647.052327,10.195591
647.441699,14.259400
647.502946,11.176529
648.085522,9.365133
648.092659,11.726827
648.132032,17.939703
648.697015,15.280884
648.912177,9.588918
649.246089,22.636261
649.730519,9.256140
650.642353,25.321461
650.886997,11.547135
650.917163,17.978483
650.993986,22.347415
651.279946,8.543967
651.706134,15.285397
652.532322,12.287968
652.862760,16.371331
653.149652,17.366586
653.165183,12.741464
653.185588,11.592513
654.001600,17.770672
654.022564,13.498606
654.041869,7.182418
654.052680,23.485075
654.059802,15.263779
654.297384,13.727040
655.200744,8.702328
655.847031,9.176521
655.949270,13.301075
656.090086,22.145567
656.252778,9.137906
656.258924,8.709472
656.494552,12.580294
656.738650,13.647728
657.622700,16.996099
657.724880,12.693612
658.402262,10.608273
658.693674,12.774868
658.770485,11.858113
659.948015,14.874964
660.418813,12.800037
660.475455,13.395128
660.599429,14.506102
660.939423,14.313932
661.209567,12.513999
661.859083,10.424362
662.059663,19.559813
662.452720,13.499151
662.722979,16.647858
662.958845,12.225735
663.758588,15.914498
664.169139,15.791389
664.309314,15.583480
664.546601,15.670297
664.819782,10.704391
664.969529,13.489565
665.085859,23.664360
665.347564,16.490267
666.593477,13.285774
667.253412,11.766820
667.361070,14.630608
667.364040,12.886569
667.425992,13.453629
667.513993,13.707408
668.071787,14.267512
669.182678,17.119962
669.355730,15.398930
669.475190,6.374019
669.585307,17.941143
669.900461,22.682473
669.946539,16.679136
669.988314,22.054645
671.317590,14.370974
671.423403,16.718030
671.606951,25.354569
671.741717,11.226355
671.886048,15.925813
672.015438,8.777364
672.691465,13.049441
673.067916,11.816757
673.459998,11.813100
673.473708,11.220995
673.961574,18.376834
674.031945,15.030196
674.319009,13.667643
674.427960,18.843660
675.022730,8.949654
675.773280,11.380731
676.172509,11.215478
676.177120,11.050109
676.435574,9.029806
677.117713,13.521155
677.252621,10.891072
677.277678,24.122625
677.544247,13.793284
678.583031,8.144446
678.688185,13.686561
678.943363,7.233142
679.000310,12.716345
679.690556,11.137815
679.705372,6.277633
680.142005,5.860064
680.958277,15.303392
681.121172,11.643560
681.195272,7.532243
681.305041,3.763841
681.454266,11.174223
681.643019,7.813566
682.036672,8.611239
683.011942,9.918062
683.190207,7.393921
683.950444,13.661946
684.143181,7.255105
684.207543,8.537799
684.443111,13.602553
684.794775,22.235888
685.431610,7.733736
686.055531,4.227479
686.130256,8.062640
686.179579,10.916907
686.602986,15.792445
686.627972,5.508701
686.757934,8.939612
687.366849,13.523182
687.561970,7.893881
688.204074,10.320210
688.365327,8.966018
688.397078,9.759233
688.402558,7.931005
689.214796,9.432530
690.054395,4.489385
690.157100,7.633127
690.255684,16.497004
690.393873,7.613224
690.446314,7.950923
691.379144,9.285152
691.752487,2.569320
691.860019,12.375978
691.919629,7.351782
692.739478,8.160627
692.899050,10.044378
693.191781,7.067853
693.776232,10.300212
694.353509,8.026633
694.650554,7.120228
694.842142,10.035203
695.340933,13.482579
695.528887,7.098485
695.733155,16.602181
696.294835,5.389267
696.508992,8.376712
696.565869,7.290523
696.600944,5.673755
697.019061,7.263756
697.894612,7.306575
698.137890,6.073029
698.356041,11.940803
698.524793,7.393204
698.801659,9.770767
698.805302,6.908401
698.825688,6.771634
699.120461,6.093444
699.347640,6.639252
699.627251,6.215947
699.966645,8.498720
700.369243,7.566796
701.007634,4.621836
701.226431,6.344620
701.296310,8.629473
701.443953,5.673096
701.607835,12.907736
701.877094,7.104889
702.367782,9.003161
702.523612,4.731478
703.237467,6.399177
703.250558,9.658757
703.257641,6.023754
703.321582,9.814267
703.534806,25.209145
703.586526,8.598459
703.975100,6.954798
704.357636,10.495848
705.201875,6.268700
705.233359,8.895763
705.644375,6.563396
705.754329,9.617907
706.701699,12.538989
707.100194,10.003830
707.220481,12.197740
707.387640,6.945061
707.388149,7.082429
707.732928,6.603412
708.073742,11.834208
708.197672,8.668091
708.238641,9.379944
708.281497,13.864710
709.376999,14.378208
709.487646,11.182301
710.412619,5.235031
710.453803,10.359072
710.893108,9.218272
710.943059,12.767361
710.951669,10.542452
711.315075,12.363707
711.646793,9.300501
712.508823,11.902182
712.815491,12.826290
712.954181,11.781055
713.074276,4.255281
713.695209,12.194567
714.044235,8.201402
714.256417,10.180821
714.722266,15.601292
714.890364,10.089217
715.028996,6.225794
715.512867,10.577046
715.740132,7.342213
716.279398,5.823487
717.003456,10.023407
717.021775,20.043453
717.150902,6.203542
717.296257,5.460149
717.504085,12.752299
717.560019,11.633711
717.566160,11.859227
718.145341,9.213033
718.670175,7.110176
718.734524,12.476363
719.753720,15.055581
719.888166,8.007361
719.948487,5.310220
719.978950,5.579523
720.936225,5.116448
721.053662,9.639820
721.720877,12.397349
722.338673,8.357017
722.718073,15.569405
722.781671,6.879199
722.981819,8.600230
723.437514,8.006523
723.677833,11.306360
723.957634,9.164861
723.980944,6.595530
724.055250,10.218419
724.609997,14.314486
724.720477,7.731920
725.690019,7.778868
725.947742,13.455750
726.038812,7.154759
726.109445,7.742776
726.424061,5.478706
726.595942,6.613671
727.612586,15.354097
727.827984,14.605745
728.050104,11.889764
728.237303,11.008358
728.494679,8.326018
728.713339,13.928537
729.688433,13.579039
730.104056,5.701567
730.321026,6.053605
730.363708,13.853804
730.366187,14.160256
730.909853,5.525746
731.471352,18.311474
731.477561,9.930986
732.089323,15.688785
732.221153,6.926849
732.468031,5.684542
732.738632,10.375105
733.299103,33.257464
733.904407,18.702206
734.028780,15.851415
734.130763,6.186238
734.215514,5.810627
734.804907,7.753227
735.153710,12.711704
735.160741,14.354308
735.593645,8.965743
736.137763,18.344456
736.249557,9.314483
736.593556,16.483811
736.890437,6.271366
736.977641,10.670029
737.111307,10.639745
737.525350,17.677761
737.981738,18.195750
738.276250,11.002023
738.705900,8.577071
738.903189,8.671310
739.469629,7.836671
739.706382,8.288826
739.824997,12.881264
740.094065,29.089841
740.153725,13.257671
740.186563,23.503917
741.140839,10.062117
741.231010,22.959733
741.590756,7.561184
742.173472,8.037973
742.531116,13.287889
742.593805,19.137537
742.618526,21.128651
742.667543,11.183920
743.241220,8.130228
743.646217,16.310219
743.739791,10.414711
744.423785,15.050855
744.514763,9.179852
744.569773,25.702107
744.771225,23.979382
745.106575,19.478214
745.950211,19.737113
746.918498,10.812783
747.020794,17.154161
747.545839,9.580593
747.736387,14.201451
747.890903,11.186624
748.280693,9.619347
748.653821,22.527968
749.159506,8.762158
749.182883,10.276481
749.346382,17.704540
749.511755,17.286479
750.103463,11.756502
750.564353,20.292656
750.590678,12.125803
750.903909,8.982272
751.270159,19.310363
751.895399,10.055501
752.445826,10.608776
752.511089,14.843369
752.661279,19.701958
752.852795,10.250115
753.097798,10.622137
753.571827,27.357857
753.878384,9.110707
753.900079,14.455286
754.277591,11.027860
754.516741,10.905406
754.900217,18.027451
755.047978,17.223257
755.281137,24.436841
755.341067,11.880257
756.430019,13.850624
756.539785,17.669484
756.635315,10.635896
757.118507,15.250767
757.217995,13.482556
757.643066,11.505065
758.308183,13.952215
758.935561,11.630456
759.016631,11.374155
759.064636,23.799413
759.435532,11.530538
759.539975,11.942887
759.743796,13.743043
760.372255,12.557814
760.728501,12.155987
761.091932,11.867967
761.238647,17.206314
761.556674,29.940767
761.627838,16.141027
761.945960,15.171848
762.205984,13.961499
762.389617,11.848897
762.836206,11.531280
763.440624,30.961328
763.644546,14.841585
764.671818,36.939345
764.887239,15.269304
765.012351,14.475060
765.108984,34.810585
765.521351,11.742809
765.904702,17.019933
766.440372,25.960411
766.658908,15.111586
766.827957,14.852014
767.177207,17.792536
767.404143,37.649141
767.906392,19.009740
767.930621,12.283048
767.997291,35.154254
768.132073,32.146282
769.099023,36.172179
769.193495,18.838760
769.733142,11.342272
770.280528,31.737251
770.781063,32.084473
770.787621,19.985954
771.018823,17.511350
771.480092,15.922342
772.516566,12.162690
772.531593,11.480150
772.542263,28.407516
772.597035,32.299651
773.206598,16.503224
773.484653,36.922659
773.556446,14.459227
773.986396,27.419832
774.115938,20.742829
774.750703,15.623013
774.855517,12.644949
774.884417,11.622370
775.511359,14.438953
775.676151,14.719452
775.736493,37.964856
775.981394,15.936625
777.109926,15.470855
777.174198,28.392150
777.223342,31.763757
777.629609,17.226838
778.160768,31.115505
778.407612,13.499678
779.023765,12.495308
779.310979,25.412948
779.586068,35.098092
780.120477,18.299452
780.525431,16.956119
780.691185,18.717169
780.693282,12.313920
780.696459,18.137411
781.297094,16.906604
781.525924,27.011240
781.623942,29.607968
782.170047,17.335983
782.468268,30.958050
782.610130,34.222780
783.043385,26.777563
783.061314,23.911326
783.884507,32.968242
784.239534,15.999184
784.265214,23.315515
784.339932,14.164006
784.425657,33.558404
784.689142,18.184633
784.985418,25.473655
785.467203,16.020385
785.896699,13.557111
786.304728,15.152745
786.607123,15.729299
786.637078,9.465068
787.102191,21.539163
787.150369,9.161854
787.823591,23.081701
788.554453,7.596151
788.885114,19.441595
788.982499,37.075690
789.411865,15.688765
789.894960,18.089014
789.945102,38.641642
790.057842,24.926151
790.930833,11.279152
791.131489,23.347276
791.139515,17.956671
791.684888,24.861043
791.845721,13.160294
792.534600,27.893326
792.597720,32.236127
793.289816,10.250069
793.730462,21.924987
793.921032,13.117471
793.932204,14.034774
794.391696,13.955585
794.848106,17.732301
795.071588,15.509082
795.185907,21.885171
795.284718,16.171029
796.257681,13.007997
797.277475,13.674262
797.371752,22.837905
797.659689,18.344474
798.156982,16.158468
798.255810,13.245222
798.345761,13.336755
798.692930,17.900449
798.934084,20.107586
799.401144,19.619094
799.402524,15.599079
800.408734,14.614363
800.893911,22.692947
801.147072,11.593129
801.513203,23.236446
801.609984,18.879527
801.883634,14.199556
801.961916,10.079596
802.257197,21.225754
802.607888,18.237067
802.630785,21.183141
802.846905,10.044677
803.387083,9.751096
803.513764,11.729445
803.689746,17.568658
804.312200,20.484511
804.801629,13.632769
804.852052,22.386038
805.120546,10.465481
805.318485,13.407302
806.188964,13.704573
806.294296,22.294206
806.401785,12.090979
806.788232,14.045112
806.804894,17.297908
806.915280,20.732469
807.170679,14.809772
808.180704,12.367842
808.277601,13.131900
808.366380,8.696781
808.826628,12.883541
809.047859,10.821959
809.402688,19.092576
809.732236,22.493288
810.382033,13.969369
810.460635,16.251049
810.639258,14.009598
811.081258,39.422845
811.298426,14.998963
811.727721,13.917971
811.925450,15.397310
811.948034,18.448845
812.160793,8.886854
812.191544,15.530191
812.635574,26.321205
813.178585,16.036692
813.462405,12.986292
813.785054,12.983040
814.492703,14.410424
814.719029,12.739621
814.991517,18.150547
815.005946,19.452805
815.020366,18.016154
815.329609,14.526419
815.721106,10.721052
815.800491,10.747484
816.307175,12.503455
816.396690,12.451404
816.579508,9.989967
816.663341,24.969999
817.065096,14.556050
817.612119,12.209010
818.147380,27.723426
818.535150,14.414128
818.741057,14.024857
818.899392,12.467536
819.064064,20.768923
819.158926,21.004636
819.537128,15.211882
819.926724,11.026488
820.014779,20.326820
820.453809,20.989784
820.527454,12.816886
821.166801,18.485540
822.083208,26.051079
822.098316,20.835628
822.155814,13.117405
822.344984,12.708854
822.717346,13.764695
822.970227,13.586190
823.038607,23.944470
823.967110,16.794045
824.414176,12.680631
824.497313,24.567231
824.531162,18.987773
825.120061,15.357853
825.790403,17.407572
826.218779,12.442642
826.545948,15.282575
826.786732,14.221972
826.800115,19.468830
827.575748,15.495309
827.721838,21.221911
827.743658,23.262290
827.991287,16.800571
828.052946,13.958037
828.633437,13.347084
829.247008,23.692843
829.343929,15.165644
829.425183,20.726724
830.818009,13.554532
830.969652,15.332624
831.044018,11.628760
831.261156,12.638197
831.265114,16.889299
831.477676,18.619270
831.517242,27.422059
831.856364,12.616568
832.467962,15.395616
832.580710,14.564135
834.313956,16.146502
834.319156,26.788215
834.999260,16.336030
835.243219,12.589003
835.382819,18.266139
835.563232,27.884182
835.665608,15.986209
835.762515,15.900800
835.927078,18.909197
836.438979,25.446722
837.359018,12.042250
837.406436,11.349355
837.413920,19.250029
838.463820,27.638340
838.594965,16.625373
839.143974,11.866810
839.571765,17.381744
839.849472,17.231997
839.992096,18.748189
840.378582,17.645859
840.386872,14.398452
840.442296,14.112447
840.653447,18.057650
841.588495,18.197432
842.588464,19.901082
842.908637,20.602936
842.918732,17.394774
843.023612,19.236094
844.196804,17.329707
844.230926,17.477533
844.394382,23.034968
844.619694,13.910616
844.639651,17.227195
844.841440,20.040045
845.148611,19.770608
845.230533,21.110116
845.661420,18.392973
846.079933,11.298366
846.361784,12.622437
847.219698,22.907732
847.574192,20.201413
847.753506,12.859318
847.814119,18.622182
848.414937,12.005125
848.524854,14.922314
849.134155,17.022405
849.160642,16.692662
849.371690,16.433156
849.380260,13.877576
849.856040,19.123418
850.198488,15.014161
850.220323,17.517534
851.006685,29.095175
851.467955,20.209053
851.503646,18.967929
851.568987,13.184598
851.843352,11.084259
851.939194,19.293370
853.371786,12.153150
853.447141,18.653772
853.598137,23.775436
854.071124,23.031572
854.344741,13.886486
854.956534,22.241248
855.062408,19.360569
855.147655,18.223860
855.192533,19.649487
856.006953,17.781303
856.402134,16.197664
856.466842,13.515461
857.501624,16.856532
857.892715,14.801744
858.061776,17.184742
858.070292,16.348321
858.166516,16.902888
858.307390,15.296834
858.356914,18.369564
858.580096,19.559054
859.064414,14.996433
859.340482,17.763532
859.986335,16.401825
860.775728,20.675919
860.799237,15.342161
860.866352,17.766200
861.299789,17.097451
861.528320,18.908910
861.588914,14.595173
861.966679,20.174412
862.513590,18.301848
862.983406,15.933797
863.085839,21.174193
863.689790,13.850106
863.887447,18.488773
864.013930,16.944621
864.673824,11.326604
864.763468,14.568375
864.861980,17.151175
865.065609,17.309908
865.362960,20.077468
865.422200,20.459411
865.572692,26.826823
866.654343,18.524867
866.734360,12.962449
866.743187,16.423165
867.137837,16.049074
867.901311,13.644236
867.958643,20.051438
867.978921,15.943632
868.259129,18.145137
868.624985,27.694962
868.692634,14.556798
868.840476,14.590288
869.692089,16.276631
869.824784,16.200525
870.241094,13.819397
870.650856,20.141754
870.728640,13.413446
871.070648,20.615994
871.903764,18.095129
872.508530,16.645795
872.681115,15.399261
872.878781,16.994350
873.096066,13.954448
873.661556,19.131344
873.704938,18.234296
874.428764,17.116309
874.822809,13.852821
874.903104,14.268561
875.063741,20.545841
875.234238,18.324794
876.088752,14.690744
876.613321,14.096021
876.951744,15.565601
877.113769,19.852447
877.277028,13.837298
877.583816,16.965865
878.212709,17.113928
878.724871,14.246947
878.868836,15.468916
878.958512,19.855092
879.161492,16.590190
879.833625,14.450186
881.004322,15.641819
881.011620,17.067818
881.464074,15.612398
881.777166,14.256839
881.907723,17.107261
882.147572,21.390388
882.323949,16.218681
883.035057,17.868171
883.077657,18.103306
883.791004,18.736641
883.801146,17.641312
884.306026,17.723959
884.320578,15.080074
884.332347,14.241154
884.468897,19.563759
884.805444,17.525096
885.177206,18.159807
886.305455,11.474194
886.483005,18.223951
886.648843,15.383484
886.743672,16.729296
886.767810,19.496980
886.891693,17.283768
887.348633,15.943151
887.354213,18.135965
887.631128,16.136191
889.002310,31.241356
889.074678,18.764606
889.167522,18.038515
889.438076,20.038849
889.720566,14.833421
890.190842,17.312666
890.384157,19.940368
890.628764,19.778396
891.035859,21.561729
891.074228,21.420682
891.103364,20.596327
891.460598,29.282093
891.542010,20.478793
891.755864,15.439838
892.702602,15.305458
892.728760,16.991098
893.444859,13.427949
893.605243,18.408495
894.285514,18.510218
894.499070,15.385016
894.590078,30.273775
894.772497,18.945270
895.232226,18.719940
895.975003,16.450493
896.058936,15.179063
896.449242,16.413548
896.452763,20.382087
896.469824,15.270491
896.808117,17.639511
896.998537,26.006235
897.097580,13.405787
897.842928,16.130829
897.859159,21.656988
898.359732,13.248971
898.552762,23.663762
898.731444,13.803620
899.190170,15.271990
899.225356,14.921111
899.769909,19.863061
900.021640,17.248588
900.346754,17.224244
900.558280,20.080687
900.653522,21.209522
901.939167,18.792519
902.008539,15.345247
902.147114,13.273317
902.238289,17.229461
902.453810,12.829733
902.734646,15.521348
903.793860,17.265001
903.976417,23.088337
904.001664,16.509733
904.629260,27.281888
904.653276,23.969873
904.742645,20.204584
904.803593,22.782441
905.266730,21.089611
905.329857,16.375875
905.725798,17.883406
905.871381,19.654732
906.256349,21.335778
906.457570,13.193059
907.499764,21.939905
908.421734,20.797225
908.524301,14.744334
908.589009,20.600928
908.674429,18.512055
909.103181,19.750126
909.594743,32.026879
910.150543,29.290975
910.536774,24.425714
910.795973,14.396962
910.941268,15.315534
911.162609,22.613029
911.319602,13.401271
911.558075,14.262698
911.628393,23.783671
911.681357,26.638945
912.283906,31.544070
912.613001,20.237967
913.071375,15.960084
913.440711,12.980148
914.530065,16.921433
914.601499,15.749130
914.705182,18.895244
915.536367,28.060832
915.989661,24.966149
916.185762,15.672660
916.377149,16.542434
916.566494,23.256787
916.629258,22.520269
917.021345,21.194489
917.858472,14.523294
917.941944,13.061898
918.039411,33.071305
918.587304,19.071731
918.587979,15.891937
918.722309,24.387508
919.207163,17.289797
919.523659,16.115585
919.635202,18.264722
919.990280,14.594778
920.095124,28.785872
920.847606,16.375625
920.879739,30.547731
921.728448,32.164430
921.948906,13.086393
922.808254,17.397674
922.903956,17.388252
922.960833,25.984069
923.171147,24.107933
923.492585,17.604694
923.846395,14.041199
923.954345,32.338485
924.097703,20.213817
924.199001,31.821471
924.643603,15.516033
924.736503,18.827941
925.554979,21.476973
925.985140,16.947970
926.847940,17.743774
927.211682,23.231751
927.218451,22.181529
927.362501,18.747466
927.444855,16.822526
927.502057,21.628983
927.600558,20.175736
927.816521,21.876614
928.926017,20.340509
929.124969,14.812508
929.476482,14.313163
929.504498,16.463114
930.092328,19.792193
930.466465,19.653877
930.902829,30.554498
931.158060,13.456559
931.253259,21.647337
931.464225,22.045735
932.079368,20.524907
933.096945,13.961724
933.348076,21.041327
933.477924,16.100314
933.598082,14.959651
933.941608,22.465770
933.963793,22.472949
934.026207,15.679491
934.104231,13.716403
935.173434,29.748988
935.243081,23.709077
935.668859,14.079243
935.726853,18.179756
935.773212,11.453500
936.702041,23.476223
937.779383,19.356873
937.824134,13.254951
938.284031,18.785242
938.352685,16.393502
938.401712,17.905848
938.618570,17.894724
939.290182,20.874756
939.350360,14.511000
939.831448,14.021470
939.917632,18.408632
940.155706,12.212993
940.352901,44.706534
940.897933,17.272021
940.904920,14.213773
941.067986,18.436270
942.152008,18.562478
942.165829,20.054782
942.343611,13.982872
943.242953,18.251671
943.629459,18.604918
943.632110,17.142365
943.766796,19.508526
944.018820,21.729307
944.122723,15.193737
944.553746,21.758515
944.632718,17.786726
944.940621,20.139427
946.379645,17.654678
946.665740,24.555130
946.711003,16.179044
946.875959,21.363472
947.016859,24.784277
947.203097,19.644577
947.842437,19.161412
947.965887,19.203883
948.282233,19.440485
948.470437,17.149089
948.702286,15.619883
949.137920,18.016080
949.452902,18.573707
949.560360,14.917618
949.719081,21.908958
950.059934,28.822602
950.411215,20.747386
950.816500,20.496096
951.113112,16.019328
951.200969,26.017999
951.606899,35.374979
951.743012,22.755226
951.783845,20.949458
952.470045,21.074084
953.645582,21.306195
954.161404,17.559852
954.223037,20.389885
954.620124,22.005941
954.655203,17.001290
954.951665,25.493962
955.197247,17.285072
955.673750,17.405789
955.999057,26.685620
956.518318,21.676512
956.664997,20.822311
956.926248,18.505039
957.213812,24.110831
957.227621,22.095072
957.469533,29.151212
957.474493,20.851859
957.814045,22.809116
957.953179,31.031625
959.019032,23.804677
959.044430,21.360380
959.361434,34.030096
959.486526,19.195814
960.305988,19.334408
960.536098,21.398322
960.596204,23.706380
960.660397,17.098212
960.909694,19.775393
961.164707,21.137762
961.216012,20.402670
961.699423,19.351486
962.325847,15.771423
962.623578,21.331380
963.095372,24.498239
963.354247,33.842843
963.685297,20.349564
963.789622,23.008229
964.939488,21.627142
964.976209,21.257165
964.993003,23.285267
965.458479,19.166502
965.673337,21.257554
965.827820,24.757996
966.440330,20.628496
966.554169,16.806934
966.635179,19.739938
968.133285,20.542977
968.140154,21.907845
968.181218,20.358239
968.779753,22.630168
969.122459,18.938582
969.213775,23.726843
969.272774,22.422742
969.296761,36.250109
969.948039,19.206356
969.963833,18.623386
970.516698,23.731041
970.753705,27.076173
971.188545,14.095500
972.006114,20.938131
972.475305,25.098575
972.559729,17.386758
972.855307,15.520144
972.910317,26.782559
973.067900,23.369604
973.237651,19.071162
973.636998,15.472053
973.935212,20.989960
974.623515,18.987913
974.648164,21.378864
974.688391,25.842459
975.610278,22.347137
976.358465,17.311322
976.812194,19.640562
976.891247,17.887272
977.222755,21.450659
977.262673,19.112479
977.761876,15.148313
978.063290,24.054427
978.236761,17.521567
978.458559,14.474908
978.751059,19.469388
978.752591,21.283268
978.888827,17.579785
979.122023,21.213766
979.480668,16.820599
979.984480,18.036361
981.029230,16.704850
981.522099,16.608633
982.070498,17.352335
982.107632,18.647465
982.108346,21.986871
982.176035,22.991649
982.347006,16.908948
982.366098,18.126932
983.133304,17.036432
983.165054,19.991225
983.237032,17.666057
983.535262,19.450680
984.344010,15.067459
984.440847,18.127442
984.792302,21.544794
984.976918,18.720674
984.979144,15.986325
985.411406,19.473482
985.674353,19.451032
986.043877,19.661128
986.513218,20.258752
986.905418,13.995726
987.049023,27.139849
987.848816,18.328948
987.915327,19.441905
987.927379,16.843460
988.476714,16.004803
988.813354,17.679517
988.852119,22.835754
989.042803,25.983454
989.131225,18.381862
990.020110,12.618559
990.368220,24.590171
990.406727,17.223782
990.434326,19.202708
991.104471,18.640182
991.588415,20.303071
991.968563,18.816752
992.225520,18.869252
992.374156,16.115941
992.759351,19.387297
992.903363,21.151835
993.288125,17.433762
993.718002,17.704934
994.346931,16.836569
994.827530,16.478509
995.047620,18.715954
995.068972,17.397680
995.485755,22.003187
995.652366,33.675902
995.921588,22.239538
996.010633,17.948721
996.114424,15.942166
997.216124,15.728832
997.224860,19.294379
997.492398,15.647378
997.834404,37.517376
997.984114,16.504869
998.013769,13.841939
998.250150,15.991786
998.503869,16.714235
999.337040,21.971095
999.349141,28.126526
999.390616,20.860464
999.708713,20.052224
999.844003,22.560774
1000.000866,17.434810
1001.066892,20.576629
1001.126358,16.075388
1001.367336,18.476341
1001.538386,25.281018
1001.720949,17.594849
1002.345705,14.132325
1002.900836,13.331091
1003.028513,17.006113
1003.274796,15.787924
1003.462040,22.768735
1003.811428,20.503981
1003.814612,17.422880
1003.862500,17.356018
1004.016537,14.266274
1004.280811,19.058836
1004.891494,17.837409
1005.144011,14.152386
1005.573484,16.079887
1005.968382,18.941502
1006.990621,19.111441
1006.996346,22.345270
1007.109113,17.877117
1007.897777,25.032581
1007.934279,18.286415
1007.972122,17.847773
1008.170080,15.445111
1008.616665,16.934996
1008.996690,17.579632
1009.999466,18.585988
1010.405627,18.999681
1010.788573,17.442470
1010.968201,22.933517
1011.426117,14.748628
1011.624796,15.792355
1012.200767,15.232885
1012.212012,19.775147
1012.279838,19.865437
1012.418739,30.404963
1012.490977,17.818660
1012.739174,23.773292
1013.508642,18.776402
1013.867811,13.861652
1014.034497,20.239064
1014.925012,21.056518
1015.155286,16.633172
1015.475708,22.281854
1015.554599,15.791369
1015.769779,15.446628
1016.119022,19.055622
1016.160804,16.694458
1016.261593,28.794938
1016.574693,24.477001
1018.198498,20.498117
1018.393102,20.998851
1018.759139,17.181327
1018.838443,17.730796
1018.950196,17.702325
1019.218335,20.054178
1019.279771,18.160341
1019.695911,22.114161
1019.749167,18.191046
1020.422766,20.210388
1020.522092,12.998316
1020.902599,21.251441
1020.908918,16.143851
1021.846976,16.288670
1021.880988,15.046307
1022.057295,17.708089
1022.516120,15.796005
1022.550402,22.503448
1023.082617,23.563706
1023.499853,22.813490
1023.752852,23.340501
1023.897379,20.884590
1024.119570,22.284828
1024.193486,22.137008
1024.636432,23.847033
1025.484724,13.321523
1025.662050,17.824854
1025.771953,19.991612
1025.967645,24.445065
1026.334075,19.211197
1026.349353,19.631561
1026.839623,19.492112
1027.550886,18.832622
1027.644803,17.098810
1027.943371,27.214973
1027.952262,14.426188
1028.800987,17.863276
1028.900932,20.550710
1028.946393,17.178854
1029.205873,26.184906
1029.321200,14.408242
1029.838130,25.327942
1030.005475,16.222069
1030.260359,20.121484
1030.762367,15.332054
1031.317717,18.351792
1031.407325,22.583257
1031.667637,15.159800
1031.755724,16.895237
1032.291738,15.252283
1032.788074,15.643199
1032.918536,19.402571
1033.245127,17.269808
1033.388223,34.734166
1033.971813,15.521209
1034.693184,23.762336
1034.988229,15.262709
1035.104231,26.697649
1035.106727,16.858972
1035.542931,17.062838
1035.604177,14.142951
1035.910034,17.318724
1036.644435,14.673092
1036.985984,30.657609
1037.190149,16.637759
1037.822570,20.944052
1038.020662,15.820303
1038.031709,16.624923
1038.671866,19.091710
1039.372432,31.708412
1039.611421,17.610391
1039.993319,22.491287
1040.093175,30.305067
1040.815422,30.344463
1041.039318,23.158833
1041.448340,22.574869
1041.590652,29.824532
1041.631984,26.101928
1041.654081,29.545761
1042.293586,18.823699
1042.668254,18.562550
1042.835562,23.434446
1042.993608,19.589314
1043.281660,14.042210
1043.660443,14.796026
1043.661464,15.843144
1044.749135,18.969280
1045.357665,15.340275
1046.174669,21.916910
1046.489178,26.415051
1046.672695,18.342331
1046.721134,15.391196
1046.876453,17.608518
1046.877352,29.093825
1047.048789,18.942588
1047.945955,15.779210
1048.001009,29.073831
1048.377997,19.530946
1049.072992,22.730826
1049.412798,22.166770
1049.554645,22.008675
1049.942293,19.478290
1050.127758,18.549427
1050.357892,26.338423
1050.624137,21.272965
1050.683996,37.621254
1050.844618,20.760174
1050.929904,20.613866
1051.669485,20.957672
1051.918512,20.648153
1052.405465,16.069338
1052.452543,36.947090
1052.683329,15.833446
1053.124008,22.784843
1053.351709,25.216517
1053.393706,35.084845
1053.503300,23.766992
1054.506038,37.856454
1054.759060,34.985486
1055.075908,16.788592
1055.187519,26.313440
1055.377064,14.546635
1055.653456,15.917204
1055.816960,19.436626
1056.019370,21.408527
1056.493874,32.951770
1057.481550,21.632390
1057.707144,34.578960
1057.980635,35.934723
1058.274348,16.983706
1058.428279,16.218519
1058.596541,31.554065
1058.707481,21.912328
1058.887306,21.179456
1058.902238,21.228823
1059.069950,19.272916
1060.210695,21.641793
1060.404689,33.619860
1060.943119,24.633126
1061.577773,22.091946
1061.847979,18.661129
1062.330084,16.241101
1062.477688,26.707522
1062.635024,26.483927
1062.686335,25.535085
1062.948127,21.190236
1063.073083,21.284524
1063.605644,28.409521
1063.615899,29.313081
1063.878800,44.919962
1064.417250,28.107917
1064.519562,18.466500
1065.252483,19.736266
1065.506357,24.976917
1065.511803,44.976069
1065.888871,18.339562
1066.007734,22.483283
1066.940057,31.389465
1067.167353,43.693012
1067.625917,39.320487
1067.652437,22.736063
1068.480279,18.967744
1068.580753,19.897755
1068.707026,26.604281
1068.975020,31.063040
1069.501611,22.896660
1069.882567,26.596001
1070.133605,25.662659
1070.576634,23.334502
1070.631857,23.491922
1071.269921,22.886303
1072.262407,21.235572
1072.368446,22.121931
1072.386623,17.633921
1072.580012,18.041434
1073.022082,30.475106
1073.116194,32.367702
1073.550108,20.201398
1073.619370,24.014605
1073.756526,21.137019
1074.209357,24.767715
1074.358825,21.995098
1075.217161,28.159526
1075.548571,24.215368
1076.001486,19.922110
1076.060079,35.406802
1076.277113,19.017357
1076.678712,23.026903
1076.889515,25.611754
1077.292000,22.266710
1077.322580,19.774178
1077.692909,21.592856
1077.814419,22.378526
1077.962770,20.809115
1078.570906,32.527777
1078.821373,19.979577
1078.892319,23.306486
1078.912532,23.421203
1079.199885,25.160624
1079.599842,24.398164
1079.958843,20.119163
1080.127488,21.509810
1080.225585,25.214317
1081.219195,21.529553
1081.528937,22.271104
1081.661271,27.268515
1081.990623,28.869838
1082.109150,24.025356
1082.760911,23.394819
1083.087707,29.152378
1083.307583,20.318286
1083.730941,24.824789
1084.106083,15.134116
1084.404746,20.716559
1084.705723,19.228485
1085.184935,29.168834
1085.564527,18.918024
1085.572885,23.765357
1085.905978,28.329848
1087.645249,24.795282
1087.763089,19.955718
1087.818848,26.687493
1088.223876,23.756004
1088.234246,21.151702
1088.428143,19.098176
1088.565472,28.986727
1089.497819,27.723654
1089.665706,27.622647
1090.106849,32.035146
1090.131761,26.487480
1090.185181,23.205974
1090.196590,21.517606
1090.659399,27.444958
1091.196850,27.851978
1091.433674,16.845853
1091.448512,21.845768
1092.117844,18.657875
1092.167282,25.948841
1092.190218,21.445137
1093.778938,19.971168
1093.842254,24.656484
1094.170852,25.556864
1094.261640,33.021381
1094.438959,27.736069
1094.460467,23.870236
1094.599053,21.060585
1095.413577,18.449940
1095.463508,38.324625
1095.940566,24.800748
1096.016764,23.085989
1096.159609,22.231599
1096.442583,18.008509
1096.727493,27.286786
1097.403514,19.856729
1097.494471,27.529974
1097.740466,38.022422
1097.830321,28.898902
1098.069221,23.303502
1098.379404,23.791697
1098.581895,19.726575
1099.278196,21.910344
1099.856999,36.892297
1099.885129,31.526779
1100.018639,23.409497
1100.977301,18.225320
1101.085246,29.335685
1101.211732,21.924232
1102.403434,23.603546
1102.956699,20.737512
1103.301950,25.025810
1103.501519,29.802220
1104.171775,37.413671
1104.257941,24.665919
1105.019060,26.494737
1106.664179,27.191436
1106.685986,26.091961
1107.797602,34.943607
1107.943164,20.778398
1108.212266,32.599723
1109.307629,39.869496
1110.684357,26.680797
1111.022452,31.374344
1111.346065,21.739656
1112.832375,19.824629
1114.057065,38.117108
1114.126257,23.682203
1114.635456,22.759124
1115.389874,22.601974
1116.036340,21.853533
1117.477780,21.271375
1118.294185,60.410140
1119.005976,22.870504
1119.256137,39.974204
1119.423744,25.396663
1120.463230,33.474361
1121.398454,20.703119
1121.826384,27.501346
1123.509417,29.314332
1123.904904,25.093728
1124.494975,23.964459
1124.592246,29.758304
1124.701472,25.473506
1126.433124,32.237353
1126.761636,26.103557
1126.988492,23.411601
1128.208371,18.699804
1129.271803,28.257471
1130.144392,17.715665
1130.490646,23.739065
1130.952948,15.936816
1132.096047,18.449775
1133.002465,22.234257
1133.153773,23.724700
1133.795680,38.847021
1135.467683,20.127589
1135.482568,19.026602
1135.500501,11.539481
1136.424261,13.802077
1137.028469,7.797905
1137.682394,11.511089
1137.794172,24.534263
1138.212066,14.476838
1139.681480,15.251642
1139.894413,10.310594
1140.362868,11.285330
1141.037004,12.781260
1141.160989,12.320177
1143.036792,5.085695
1143.078503,10.509854
1143.223733,12.146531
1143.861363,15.380840
1144.167761,13.819270
1145.234133,4.626842
1145.398606,11.364457
1145.761484,8.375916
1146.146453,9.315145
1146.177540,10.066676
1147.017318,6.859102
1147.295736,5.847182
1148.368093,4.766442
1148.532562,14.272556
1148.662193,10.749312
1149.557234,6.399931
1150.979299,5.615387
1151.370822,6.870439
1152.280588,6.222347
1153.846925,12.170046
1154.740503,3.249214
1155.223793,2.111222
1155.298094,2.504478
1156.454208,2.735179
1158.709659,2.830625
1160.517050,5.019915
1161.310826,8.296604
1161.665756,1.999774
1165.810392,3.106946
1167.787719,3.432004
1168.943473,13.176794
1169.201059,3.019039
1170.150862,5.958782
1171.497423,6.571628
1172.150544,3.079631
1172.566073,8.536427
1172.853661,9.442102
1174.488977,2.025088
1174.605914,11.798825
1174.632771,5.191810
1176.186468,3.812179
1176.233952,6.579185
1176.683266,2.338436
1177.256508,4.789068
1178.018483,6.084785
1178.828048,6.252567
1178.909141,5.274314
1179.835912,4.388161
1180.574627,0.912600
1180.586397,2.112338
1180.735190,5.527190
1182.810676,3.042651
1183.014060,9.012684
1183.364760,7.669813
1186.371803,2.760612
1186.396635,4.556834
1187.238332,5.248927
1187.521545,2.975131
1188.772405,7.627647
1190.877935,7.442017
1191.157634,1.757862
1192.318726,10.791877
1192.752628,10.423067
1194.865464,7.403834
1194.879233,4.949179
1195.512909,12.490250
1195.556853,6.687643
1196.555536,2.377054
1196.902407,4.069103
1198.549841,7.528441
1198.791608,5.688949
1199.695946,8.254670
1200.828963,5.643452
1201.324459,4.745819
1202.568291,6.310334
1202.875200,8.730397
1203.027495,17.221295
1204.306578,3.303160
1204.807128,2.580866
1205.541530,12.256017
1207.668483,11.802348
1208.531623,28.926718
1209.024975,8.513581
1210.991398,4.721655
1212.246792,21.660566
1213.029944,4.513523
1213.578820,4.014798
1213.839709,2.853114
1217.024112,3.641248
1217.910111,5.994901
1218.110433,3.895121
1218.803373,8.385603
1219.358098,4.725340
1220.090364,17.313674
1220.225939,2.901653
1221.691804,5.300060
1221.747109,7.976169
1221.793283,5.926412
1222.432818,15.964116
1222.643624,7.181537
1223.495100,1.339132
1223.835414,12.245946
1225.570457,8.585962
1227.493874,4.443643
1227.666009,6.003825
1227.938365,4.089253
1229.801530,2.949297
1229.867445,2.758853
1230.428115,13.515842
1230.604935,6.447145
1231.363192,17.761734
1231.519172,7.485948
1233.873994,7.808059
1233.907480,9.059555
1237.663019,3.378442
1237.831287,9.057329
1238.830710,4.801639
1239.362137,7.313812
1239.943057,8.677926
1244.278704,7.456343
1244.452867,2.631096
1245.073534,3.311708
1245.988990,4.382674
1246.538700,2.449883
1246.872415,4.061778
1247.605857,4.917377
1248.064805,3.439374
1249.041818,2.034281
1249.908387,3.868904
1250.717355,9.358744
1251.577926,2.887464
1253.643570,3.326156
1256.594970,3.123254
1256.850090,4.816767
1258.517079,20.788611
1259.304654,6.948112
1259.834109,8.985173
1260.557070,3.642002
1260.985484,2.384799
1261.520084,2.504174
1262.014695,14.036763
1262.052255,4.561070
1263.025138,6.229837
1265.428090,4.122594
1265.909414,2.539734
1267.115752,3.434753
1267.182160,4.082598
1268.523704,5.867477
1268.910519,4.636611
1268.924051,3.181940
1270.301708,4.180761
1271.299388,0.967412
1272.664522,3.122954
1274.406837,6.324986
1276.118975,5.039963
1276.392100,5.266790
1276.692836,5.848768
1278.956473,4.075738
1279.037056,21.531984
1280.632850,3.786772
1281.131959,7.577975
1281.568676,10.660661
1283.363130,4.573867
1283.959149,4.779960
1285.165808,4.808273
1285.957271,6.261157
1286.031856,4.915770
1288.190600,3.910939
1288.428452,5.061139
1289.090186,5.833345
1290.221751,2.213990
1291.926500,3.616623
1292.459765,7.786216
1293.282264,7.027643
1294.633994,6.712464
1295.337170,12.519023
1296.195259,4.580830
1296.269725,7.782516
1296.965804,3.617559
1297.881288,10.449155
1298.720784,16.844195
1299.884669,4.254508
1300.106462,3.719837
1300.228931,12.224080
1300.938385,4.480288
1302.159976,6.430549
1302.662221,17.064223
1303.322117,5.809412
1304.525669,1.683351
1305.778124,6.581143
1306.878534,2.477991
1307.101804,4.542622
1308.200055,3.087599
1310.551332,2.671480
1313.503246,2.348919
1313.909173,8.593070
1314.278970,2.702428
1314.308103,4.124982
1315.593144,1.842224
1316.579108,8.212689
1318.407657,4.468212
1320.244273,6.841390
1320.250431,10.483563
1321.028555,4.328859
1321.081099,19.288627
1322.539916,3.306938
1322.565939,4.924035
1323.870836,3.946830
1324.610277,3.309160
1324.999492,3.916127
1325.435079,3.548105
1326.359016,4.574192
1326.625547,5.540602
1326.756168,18.112428
1327.962314,5.586716
1328.447775,4.488073
1328.839701,9.449194
1329.465517,4.946802
1329.993107,11.463004
1330.832685,4.183376
1331.418061,9.848382
1332.114012,4.780364
1332.366495,9.792245
1333.916338,9.882898
1335.093834,4.285125
1335.148469,8.822659
1335.604527,8.361136
1336.996602,15.629105
1339.634151,3.569201
1339.975194,8.407217
1341.304050,4.414415
1341.827858,5.277827
1341.879002,6.194199
1342.001801,6.172245
1343.397536,5.501003
1344.616473,11.636634
1345.059917,8.405604
1345.332324,5.561621
1346.142781,10.995137
1346.944755,3.626389
1347.002245,5.292195
1347.923749,9.421508
1348.228393,10.152066
1349.395035,1.321266
1350.143595,10.254681
1350.444250,7.238447
1350.483822,9.049713
1351.060504,3.456949
1353.995308,7.147205
1354.603026,1.889676
1354.615893,9.371622
1355.210350,3.763402
1356.947298,3.248295
1358.389961,16.525159
1358.519674,4.629964
1358.878078,7.149647
1361.670080,2.450935
1363.791767,10.766361
1364.789009,3.535135
1365.183091,3.622627
1365.789230,11.032445
1367.029136,13.304702
1368.926988,5.438094
1369.070427,4.798601
1370.187224,9.848640
1370.694896,6.360638
1371.153932,16.798725
1372.795559,6.999775
1373.072085,19.308441
1374.099308,9.013849
1374.388535,7.810291
1375.536777,3.139675
1375.659162,16.230724
1375.713057,10.643962
1377.338152,9.655233
1377.659739,4.291893
1378.440745,6.082671
1380.331935,4.704974
1380.498228,8.164628
1381.118835,4.916969
1382.565320,4.697502
1382.829731,4.452220
1383.562795,2.903018
1384.617738,2.261755
1385.044596,8.752686
1385.109751,7.982503
1385.752465,15.618977
1386.629193,4.101524
1387.154142,8.860716
1388.714682,6.084445
1391.899693,3.033283
1392.322597,7.394874
1393.325142,4.155955
1394.577747,1.737756
1395.955603,12.508801
1396.540050,1.091915
1396.929756,10.300648
1397.887944,8.632709
1399.403531,4.968617
1400.139483,4.289294
1402.313955,1.948563
1402.490259,6.159191
1403.174986,4.020463
1405.491667,5.178772
1405.630198,1.831983
1407.031920,0.975577
1409.407382,4.646626
1410.460629,6.202115
1410.631835,1.596554
1410.746408,4.122584
1411.758752,4.077508
1414.262453,6.536866
1414.561321,4.774609
1415.356028,0.844522
1418.819508,3.056967
1421.445256,19.685702
1421.683274,3.917774
1421.701233,3.582462
1422.727310,2.656210
1423.864409,7.537776
1424.210321,2.821350
1426.234383,8.007860
1428.573576,25.072272
1429.629851,2.867558
1429.908075,1.575140
1430.837380,3.772525
1431.237732,3.770414
1433.962025,11.582531
1434.277819,2.788212
1435.182541,3.418747
1437.034393,3.075598
1437.764821,2.850732
